insert into uzivatel (id_uzivatel, login, jmeno, prijmeni, datum_registrace, role) values
('aadvanik', 'aadvanik', 'Adella', 'Advani', '2023-02-05', NULL),
('aburleighl', 'aburleighl', 'Amelita', 'Burleigh', '2023-02-01', NULL),
('aespinel2', 'aespinel2', 'Arnold', 'Espinel', '2023-02-09', NULL),
('ajaycockq', 'ajaycockq', 'Akim', 'Jaycock', '2023-02-09', NULL),
('aperin5', 'aperin5', 'Aharon', 'Perin', '2023-02-03', 'dev'),
('bbernuzzih', 'bbernuzzih', 'Blancha', 'Bernuzzi', '2023-02-02', NULL),
('Berkousek', 'Berkousek', 'Vladimir', 'Cidlina', '2023-01-10', NULL),
('brambley', 'brambley', 'Beverley', 'Ramble', '2023-02-09', NULL),
('cbeauly10', 'cbeauly10', 'Chen', 'Beauly', '2023-02-06', NULL),
('cdownief', 'cdownief', 'Claybourne', 'Downie', '2023-02-03', NULL),
('cgartside12', 'cgartside12', 'Crissy', 'Gartside', '2023-02-03', NULL),
('cginnellb', 'cginnellb', 'Callie', 'Ginnell', '2023-02-07', 'dev'),
('cmacmenemyd', 'cmacmenemyd', 'Consuelo', 'MacMenemy', '2023-02-06', NULL),
('cobingtonm', 'cobingtonm', 'Charity', 'Obington', '2023-02-08', NULL),
('CreeperFace', 'CreeperFace', 'Jan', 'Bednar', '2023-01-05', 'dev'),
('dmulvaneye', 'dmulvaneye', 'Danny', 'Mulvaney', '2023-02-09', NULL),
('donatexyz', 'donatexyc', 'Alexandr', 'Novoselov', '2023-01-15', NULL),
('dpibworthv', 'dpibworthv', 'Dominga', 'Pibworth', '2023-02-01', NULL),
('dwaggitt7', 'dwaggitt7', 'Diahann', 'Waggitt', '2023-02-03', 'admin'),
('epracharova', 'epracharova', 'Eliska', 'Pracharova', '2023-01-05', NULL),
('ewapolj', 'ewapolj', 'Elladine', 'Wapol', '2023-02-09', NULL),
('Fafa02', 'Fafa02', 'Frantisek', 'Vokac', '2023-01-15', 'owner'),
('fillstalker', 'fillstalker', 'Gelo', 'Vorodis', '2023-01-15', NULL),
('FourManX123704', 'FourManX123704', 'Lukas', 'Malek', '2023-01-10', NULL),
('gbrahm1a', 'gbrahm1a', 'Gino', 'Brahm', '2023-02-08', NULL),
('ghejdukovaa', 'GPower2000', 'Georgia', 'Hejdukova', '2023-01-05', NULL),
('hfendt16', 'hfendt16', 'Hector', 'Fendt', '2023-02-04', NULL),
('inotflying', 'inotflying', 'Egornya', 'Bedrokbedroknya', '2023-01-20', 'dev'),
('istaitec', 'istaitec', 'Ilse', 'Staite', '2023-02-01', NULL),
('jbaelde6', 'jbaelde6', 'Jacklyn', 'Baelde', '2023-02-04', NULL),
('jdemarchi1b', 'jdemarchi1b', 'Joanna', 'De Marchi', '2023-02-08', NULL),
('jfeareyn', 'jfeareyn', 'Jaymee', 'Fearey', '2023-02-06', NULL),
('jgeddes1', 'jgeddes1', 'Jorrie', 'Geddes', '2023-02-09', NULL),
('jphillipps1c', 'jphillipps1c', 'Janeen', 'Phillipps', '2023-02-02', NULL),
('jsitcht', 'jsitcht', 'Jolynn', 'Sitch', '2023-02-05', NULL),
('jteecei', 'jteecei', 'Jeanette', 'Teece', '2023-02-04', NULL),
('kbursnoll8', 'kbursnoll8', 'Kippie', 'Bursnoll', '2023-02-01', NULL),
('LiberalKaja', 'LiberalKaja', 'Karel', 'Specian', '2023-01-05', NULL),
('lmccaughanx', 'lmccaughanx', 'Lebbie', 'McCaughan', '2023-02-02', NULL),
('loakly14', 'loakly14', 'Linc', 'Oakly', '2023-02-03', NULL),
('MCGrimmiCZ', 'GrimmiCZ', 'Lukas', 'Vevoda', '2023-01-10', 'admin'),
('mgraffinz', 'mgraffinz', 'Mellisa', 'Graffin', '2023-02-07', NULL),
('michsta0721', 'MichSta', 'Michal', 'Staffl', '2023-01-15', NULL),
('mroelvink11', 'mroelvink11', 'Merridie', 'Roelvink', '2023-02-06', NULL),
('nantrobus9', 'nantrobus9', 'Ninette', 'Antrobus', '2023-02-03', NULL),
('nfarrimond3', 'nfarrimond3', 'Nikolas', 'Farrimond', '2023-02-07', 'admin'),
('NolikTop', 'NolikTop', 'Aydan', 'Minnegaraev', '2023-01-20', NULL),
('ntomasikg', 'ntomasikg', 'Napoleon', 'Tomasik', '2023-02-02', NULL),
('odempsey1d', 'odempsey1d', 'Otes', 'Dempsey', '2023-02-02', NULL),
('oedgerleyo', 'oedgerleyo', 'Oliy', 'Edgerley', '2023-02-04', NULL),
('oglas18', 'oglas18', 'Oralla', 'Glas', '2023-02-03', 'admin'),
('PitickoCZ', 'PitickoCZ', 'Harry', 'Potter', '2023-01-10', NULL),
('ppeyzer15', 'ppeyzer15', 'Phyllys', 'Peyzer', '2023-02-04', NULL),
('qlempenny0', 'qlempenny0', 'Quinlan', 'Lempenny', '2023-02-06', NULL),
('Ragnok1234', 'Ragnok1234', 'Oleg', 'Sidorov', '2023-01-10', 'admin'),
('raronstamu', 'raronstamu', 'Reinald', 'Aronstam', '2023-02-03', NULL),
('rbottby13', 'rbottby13', 'Robby', 'Bottby', '2023-02-07', NULL),
('rmilbournew', 'rmilbournew', 'Rodolphe', 'Milbourne', '2023-02-01', NULL),
('sdemarchip', 'sdemarchip', 'Syman', 'De Marchi', '2023-02-04', NULL),
('sidorole', 'Ragnok123', 'Oleg', 'Sidorov', '2023-01-01', 'owner'),
('SnappedLynx3142', 'SnappedLynx3142', 'Maria', 'Sidorova', '2023-01-01', NULL),
('stroaker', 'stroaker', 'Silvio', 'Troake', '2023-02-06', NULL),
('tgrundy17', 'tgrundy17', 'Truman', 'Grundy', '2023-02-02', 'dev'),
('tpennigars', 'tpennigars', 'Tedmund', 'Pennigar', '2023-02-07', NULL),
('tslocombea', 'tslocombea', 'Tine', 'Slocombe', '2023-02-09', 'dev'),
('VixikCZ', 'VixikCZ', 'Vojtech', 'Stehlik', '2023-01-05', 'dev'),
('vwarbey19', 'vwarbey19', 'Violetta', 'Warbey', '2023-02-04', NULL),
('wayers4', 'wayers4', 'Wylie', 'Ayers', '2023-02-01', NULL),
('WemaniX', 'WemaniX', 'Marian', 'Baninec', '2023-01-05', 'admin|dev');
insert into superuzivatel (id_uzivatel, datum_narozeni) values
('aperin5', '2000-01-01'),
('cginnellb', '2000-01-01'),
('CreeperFace', '2000-01-01'),
('dwaggitt7', '2000-01-01'),
('Fafa02', '2000-01-01'),
('inotflying', '2003-01-01'),
('MCGrimmiCZ', '2003-01-01'),
('nfarrimond3', '2003-01-01'),
('oglas18', '2002-01-01'),
('Ragnok1234', '2002-10-11'),
('sidorole', '2002-10-11'),
('tgrundy17', '2001-01-01'),
('tslocombea', '2001-01-01'),
('VixikCZ', '2001-01-01'),
('WemaniX', '2002-10-12');
insert into administrator (id_uzivatel, datum_nastupu_prace) values
('dwaggitt7', '2023-03-01'),
('Fafa02', '2023-01-01'),
('MCGrimmiCZ', '2023-02-01'),
('nfarrimond3', '2023-03-01'),
('oglas18', '2023-03-01'),
('Ragnok1234', '2023-01-01'),
('sidorole', '2023-01-01'),
('WemaniX', '2023-01-05');
insert into pozice (id_uzivatel, id_pozice, nazev, plat) values
('dwaggitt7', 'mod', 'Moderator', 50000),
('Fafa02', 'owner', 'Majitel', 100000),
('MCGrimmiCZ', 'admin', 'Administrator', 0),
('nfarrimond3', 'helper', 'Helper', 20000),
('oglas18', 'helper', 'Helper', 30000),
('sidorole', 'owner', 'Majitel', 900000),
('WemaniX', 'admin', 'Administrator', 99999);
insert into vyvojar (id_uzivatel, popis_vyvojar, web_vyvojar) values
('aperin5', 'Hi, i am aperin', 'aperin.com'),
('cginnellb', 'Hi, I am cginnellb', 'none'),
('CreeperFace', 'Hello, My name is Honza Bednar and I am Nukkit developer', 'none'),
('Fafa02', 'Hello, I am Fafa02', 'elavokac.info'),
('inotflying', 'Nothing interesting there', 'vk.com/inotflying'),
('sidorole', 'Owner of NovaPlay obchod', 'nova-tech.net'),
('tgrundy17', 'Indie game developer', 'none'),
('tslocombea', 'Minecraft developer', 'minecraft.net'),
('VixikCZ', 'FIT CTU student and Minecraft server developer', 'none'),
('WemaniX', 'Nothing interesting about me', 'none');
insert into zanr (id_zanr, nazev_zanr, popis_zanr, datum_pridani, preference) values
('action', 'Action games', 'Action games is popular genre', '2023-01-02', '4'),
('action_shooting', 'Action and Shooting', 'Action games with shooter element', '2023-01-02', '1'),
('adventure', 'Adventure games', 'Adventure games are good for solo', '2023-01-02', '2'),
('arcade', 'Arcade Games', 'Tetris, Sonic run, Fire and Water, all it is for you.', '2023-01-05', '3'),
('battle_royale', 'Battle Royale', 'Survive, fight and win! Winner dinner chicken winner', '2023-01-10', '4'),
('casual', 'Classic games', 'Do you remember 70s games? Then it is for you.', '2023-01-05', '2'),
('dance_music', 'Dance n Music', 'Just dance. Oh yeah!', '2023-01-15', '4'),
('economy', 'Economy', 'Economy games are for managers. Do you want to build a city? Then it is for you', '2023-01-10', '5'),
('horror', 'Horror games', 'Are you bored? Those games will scare you to death', '2023-01-15', '2'),
('indie', 'Indie', 'Indie games are solo games madz by one person', '2023-01-02', '2'),
('mmo', 'MMO', 'Open world. Just fight and have a fun!', '2023-01-05', '2'),
('mmo_rpg', 'MMO-RPG', 'MMO and RPG games combined together.', '2023-01-05', '1'),
('racing', 'Racing Games', 'Race! You dont need nothing but family.', '2023-01-15', '3'),
('romance', 'Romance', 'You dont have girlfriens/boyfriend? Then this genre is exactly for you', '2023-01-10', '3'),
('rpg', 'RPG', 'Role play games. Select your character and play', '2023-01-05', '2'),
('sandbox', 'Sandbox', 'Manage and create your own world', '2023-01-02', '1'),
('sports', 'Sports', 'Do you want to move? You can do it while sitting', '2023-01-20', '2'),
('stealth', 'Stealth Games', 'Stealth games will teach you stealth and quick reactions', '2023-01-25', '2'),
('strategy', 'Strategy Games', 'Strategy games are widely used even by countries!', '2023-01-20', '1'),
('vr', 'VR Games', 'Is reality depressed? Buy oculus rift and dive into virtual reality.', '2023-01-20', '1');
insert into vydavatel (id_vydavatel, nazev_vydavatel, ico, sidlo, popis_vydavatel, web_vydavatel) VALUES
('blizzard_activision', 'Activision games', 40863733, 'Santa Monica, California, USA', 'Activision inc', 'blizzard.com'),
('ea', 'Electronic Arts', 97340599, 'Redwood city, California, USA', 'Pay the game, pay components and pay cosmetics for the games', 'ea.com'),
('epic_games', 'Epic Games', 69519772, 'North Carolina, USA', 'From creators of fortnite and Unreal Engine 4', 'epicgames.com'),
('microsoft', 'Microsoft Inc.,', 17987478, 'Minessota, USA', 'Microsoft is horrible!', 'microsoft.com'),
('netease', 'NetEase', 19413268, 'Hangzhou, China', 'NetEase Games,famous chinese developer', 'netease.com'),
('nintendo', 'Nintendo Ltd.,', 42255509, 'Tokyo, Japan', 'Best game developers', 'nintendo.com'),
('novatech', 'NovaTech company', 74967999, 'Prague, Czech Republic', 'Guys, who created this web shop are also making games.', 'nova-tech.net'),
('pokemon', 'Pokemon Games International', 61330816, 'Minato, Tokyo, Japan', 'Who though that someone will name company after some beautiful creatures?', 'pokemon.com'),
('sega', 'Sega Ltd.', 25262778, 'Shinagava, Tokyo, Japan', 'From creators of game console, Sega is here!', 'sega.jp'),
('solo', 'Solo developers', 0, 'World', 'Community of solo developers are the best. Who else could make good game with only 1 man?', 'none'),
('sony_playstation', 'Playstation', 34459117, 'Minato, Tokyo, Japan', 'Best game developers, better than microsoft.', 'playstation.com'),
('tencent', 'Tencent Games', 26243363, 'Schenzen, China', 'Choise games are best what chinese colleagues could make.', 'tencent.com'),
('ubisoft', 'Ubisoft Ltd.', 1467680, 'USA', 'They are good guys', 'ubisoft.com'),
('unknown', 'Unknown industries', 0, 'World', 'This is big community of video games maker, however they did not wanted to be famous and have problems with government.', 'none'),
('warner_bros', 'Warner Bros games TM', 81358897, 'Burbank, CA', 'Who is boss? Batman and WarnerBros.', 'warnerbros.som');
insert into hra (id_hra, id_uzivatel, id_vydavatel, vyvojar_id_uzivatel, id_zanr, nazev_hra, popis_hra) values
('ac_odyssey', 'sidorole', 'ubisoft', NULL, 'stealth', 'Assassins Creed: Ody', 'New Assassins creed: Odyssey game is out!'),
('battlefield_1', 'WemaniX', 'sony_playstation', NULL, 'mmo', 'Battlefield 1', 'Battlefield 1 is out'),
('battleships_01', 'CreeperFace', 'solo', 'CreeperFace', 'arcade', 'Battle Ships', 'School project game Battle Ships'),
('dayz', 'MCGrimmiCZ', 'unknown', NULL, 'mmo', 'DayZ', 'Old good game'),
('fifa_32', 'WemaniX', 'ea', NULL, 'sports', 'Fifa 23', 'Fifa 23 on xbox'),
('fortnite', 'Ragnok1234', 'epic_games', NULL, 'action_shooting', 'Fortnite: Plus editi', 'Fortnite with battlepass'),
('going_medieval', 'sidorole', 'unknown', NULL, 'strategy', 'Going Medieval', 'Going medieval is good game'),
('gta_5', 'oglas18', 'unknown', NULL, 'adventure', 'Grand Theft Auto: 5', 'GTA 5 is here'),
('hoi4', 'WemaniX', 'blizzard_activision', NULL, 'strategy', 'Hearts of Iron 4: Ba', 'Basic edition of HoI4!'),
('minecraft', 'sidorole', 'microsoft', NULL, 'sandbox', 'MInecraft: Java + Be', 'Minecraft'),
('minecraft_be', 'sidorole', 'microsoft', NULL, 'sandbox', 'MInecraft: Bedrock E', 'Minecraft, but only for windows 10, android and ios.'),
('minecraft_je', 'sidorole', 'microsoft', NULL, 'sandbox', 'Minecraft: Java Edit', 'Minecraft, but only Java Edition'),
('monster_prom_2_dlc', 'nfarrimond3', 'nintendo', NULL, 'romance', 'Monster Prom 2: DLC', 'New DLC for Monster Prom 2'),
('need_for_speed', 'oglas18', 'ea', NULL, 'racing', 'Need for Speed: Mira', 'new Need for Speed game'),
('nova_craft', 'sidorole', 'novatech', 'sidorole', 'sandbox', 'NovaCraft: 2D', 'First game from us'),
('phasmophobia', 'nfarrimond3', 'solo', NULL, 'vr', 'Phasmophobia: Limite', 'Phasmophobia is on VR'),
('sims_4', 'dwaggitt7', 'ea', NULL, 'economy', 'The Sims 4', 'The Sims 4'),
('terrarria', 'Fafa02', 'unknown', NULL, 'indie', 'Terrarria for PC', 'Terrarria is out!'),
('Tetris', 'dwaggitt7', 'solo', NULL, 'arcade', 'Tetris', 'New tetris on all devices!'),
('wow_1', 'Ragnok1234', 'blizzard_activision', NULL, 'mmo_rpg', 'World of Warcraft: 1', 'World of Warcraft is here with sale!!!!');
insert into cena (id_hra, czk, eur, usd, rub, uah) values
('ac_odyssey', 1000, 25, 25, 1500, 1500),
('battlefield_1', 1000, 25, 25, 1500, 1500),
('battleships_01', 0, 0, 0, 0, 0),
('dayz', 500, 10, 10, 1000, 1000),
('fifa_32', 2000, 80, 80, 3000, 3400),
('fortnite', 0, 0, 0, 0, 0),
('going_medieval', 1500, 40, 40, 2300, 1900),
('gta_5', 2500, 100, 100, 4000, 250),
('hoi4', 400, 20, 18, 800, 700),
('minecraft', 1000, 30, 30, 1200, 800),
('minecraft_be', 600, 20, 20, 900, 750),
('minecraft_je', 600, 20, 20, 900, 750),
('monster_prom_2_dlc', 200, 8, 8, 350, 150),
('need_for_speed', 1400, 50, 50, 1800, 1650),
('nova_craft', 50, 2, 2, 100, 60),
('phasmophobia', 2000, 80, 80, 3000, 2700),
('sims_4', 500, 18, 18, 700, 450),
('terrarria', 470, 20, 20, 930, 640),
('Tetris', 0, 0, 0, 0, 0),
('wow_1', 2000, 80, 80, 3000, 2800);
insert into kupec (id_uzivatel, id_kupec) values
('aadvanik', 1),
('aburleighl', 2),
('aespinel2', 3),
('aperin5', 4),
('cdownief', 5),
('cgartside12', 6),
('cginnellb', 7),
('CreeperFace', 8),
('dmulvaneye', 9),
('donatexyz', 10),
('epracharova', 11),
('Fafa02', 12),
('FourManX123704', 13),
('inotflying', 14),
('LiberalKaja', 15),
('MCGrimmiCZ', 16),
('michsta0721', 17),
('stroaker', 18),
('PitickoCZ', 19),
('Ragnok1234', 20),
('sidorole', 21),
('SnappedLynx3142', 22),
('VixikCZ', 23),
('WemaniX', 24),
('NolikTop', 25),
('Berkousek', 26),
('mgraffinz', 27),
('tgrundy17', 29),
('fillstalker', 30);
insert into prodej (id_prodej, id_hra, id_uzivatel, datum_prodeje, zpusob_platby) values
(1, 'ac_odyssey', 'aadvanik', '2023-03-01', 'paypal'),
(2, 'battlefield_1', 'aburleighl', '2023-03-01', 'paypal'),
(3, 'battleships_01', 'aespinel2', '2023-03-01', 'paypal'),
(4, 'battleships_01', 'aperin5', '2023-03-01', 'paypal'),
(5, 'minecraft', 'Berkousek', '2023-03-01', 'paypal'),
(6, 'minecraft', 'cdownief', '2023-03-01', 'paypal'),
(7, 'minecraft', 'cgartside12', '2023-03-01', 'paypal'),
(8, 'minecraft', 'cginnellb', '2023-03-01', 'paypal'),
(9, 'nova_craft', 'CreeperFace', '2023-03-01', 'paypal'),
(10, 'phasmophobia', 'dmulvaneye', '2023-03-01', 'paypal'),
(11, 'battleships_01', 'donatexyz', '2023-03-20', 'paypal'),
(12, 'hoi4', 'epracharova', '2023-03-20', 'paypal'),
(13, 'gta_5', 'Fafa02', '2023-03-20', 'paypal'),
(14, 'gta_5', 'fillstalker', '2023-03-20', 'paypal'),
(15, 'battleships_01', 'FourManX123704', '2023-03-20', 'paypal'),
(16, 'dayz', 'inotflying', '2023-03-20', 'paypal'),
(17, 'nova_craft', 'LiberalKaja', '2023-03-20', 'paypal'),
(18, 'minecraft_be', 'MCGrimmiCZ', '2023-03-20', 'paypal'),
(19, 'terrarria', 'michsta0721', '2023-03-20', 'paypal'),
(20, 'wow_1', 'NolikTop', '2023-03-20', 'paypal'),
(21, 'monster_prom_2_dlc', 'PitickoCZ', '2023-04-01', 'paypal'),
(22, 'hoi4', 'Ragnok1234', '2023-04-01', 'paypal'),
(23, 'fortnite', 'sidorole', '2023-04-01', 'paypal'),
(24, 'nova_craft', 'SnappedLynx3142', '2023-04-01', 'paypal'),
(25, 'going_medieval', 'stroaker', '2023-04-01', 'karta'),
(26, 'fifa_32', 'tgrundy17', '2023-04-01', 'karta'),
(27, 'ac_odyssey', 'VixikCZ', '2023-04-01', 'karta'),
(28, 'nova_craft', 'WemaniX', '2023-04-01', 'karta'),
(29, 'hoi4', 'CreeperFace', '2023-04-01', 'karta'),
(30, 'monster_prom_2_dlc', 'epracharova', '2023-05-01', 'karta'),
(31, 'phasmophobia', 'mgraffinz', '2023-05-01', 'karta'),
(32, 'fifa_32', 'Ragnok1234', '2023-05-01', 'karta'),
(33, 'fifa_32', 'VixikCZ', '2023-05-01', 'karta'),
(34, 'ac_odyssey', 'WemaniX', '2023-05-01', 'karta'),
(35, 'monster_prom_2_dlc', 'aadvanik', '2023-05-01', 'karta'),
(36, 'monster_prom_2_dlc', 'SnappedLynx3142', '2023-05-01', 'karta'),
(37, 'nova_craft', 'cdownief', '2023-05-01', 'karta'),
(38, 'minecraft', 'sidorole', '2023-05-01', 'karta'),
insert into platebni_karta (id_prodej, cislo_karty, datum_expirace, majitel) values
(25, 66904436, '01/24', 'Orran Tidbald'),
(26, 46728431, '12/23', 'Edwin Coverdale'),
(27, 55387488, '01/24', 'Silvana Wyllcocks'),
(28, 82814696, '01/25', 'Baryram Tink'),
(29, 12219057, '01/25', 'Christie Bizley'),
(30, 71306496, '01/25', 'Josefa Stammler'),
(31, 52329452, '01/25', 'Carly Maden'),
(32, 19728160, '01/25', 'Darlene Kestell'),
(33, 32604857, '01/25', 'Ogden Axelbey'),
(34, 86027590, '01/25', 'Baird Gifkins'),
(35, 28058714, '01/29', 'Helge Greenhalf'),
(36, 28058714, '01/29', 'Helge Greenhalf'),
(37, 86160882, '01/30', 'Oleg Sidorov'),
(38, 86160882, '01/30', 'Oleg Sidorov'),
(39, 86160882, '01/30', 'Oleg Sidorov'),
(40, 86160882, '01/30', 'Oleg Sidorov');
insert into platebni_karta_kupec (id_prodej, id_uzivatel) values
(25, 'stroaker'),
(26, 'tgrundy17'),
(27, 'VixikCZ'),
(28, 'WemaniX'),
(29, 'CreeperFace'),
(30, 'epracharova'),
(31, 'mgraffinz'),
(32, 'Ragnok1234'),
(33, 'VixikCZ'),
(34, 'WemaniX'),
(35, 'aadvanik'),
(36, 'SnappedLynx3142'),
(37, 'cdownief'),
(38, 'sidorole'),